<environmentvariabledefinition schemaname="aro_ClsDmrDdMRS">
  <apiid>/providers/microsoft.powerapps/apis/shared_sharepointonline</apiid>
  <description default="ClsDmrDdMRS">
    <label description="ClsDmrDdMRS" languagecode="1033" />
  </description>
  <displayname default="ClsDmrDdMRS">
    <label description="ClsDmrDdMRS" languagecode="1033" />
  </displayname>
  <introducedversion>1.0.0.0</introducedversion>
  <iscustomizable>1</iscustomizable>
  <isrequired>0</isrequired>
  <parameterkey>table</parameterkey>
  <parentdefinitionid>
    <schemaname>aro_SharepointSiteMrs</schemaname>
  </parentdefinitionid>
  <secretstore>0</secretstore>
  <type>100000004</type>
</environmentvariabledefinition>