{
  "properties": {
    "connectionReferences": {
      "shared_googlesheet": {
        "runtimeSource": "embedded",
        "connection": {
          "connectionReferenceLogicalName": "aro_sharedgooglesheet_2d9b4"
        },
        "api": {
          "name": "shared_googlesheet"
        }
      },
      "shared_sharepointonline": {
        "runtimeSource": "embedded",
        "connection": {
          "connectionReferenceLogicalName": "aro_sharedsharepointonline_81fae"
        },
        "api": {
          "name": "shared_sharepointonline"
        }
      }
    },
    "definition": {
      "$schema": "https://schema.management.azure.com/providers/Microsoft.Logic/schemas/2016-06-01/workflowdefinition.json#",
      "contentVersion": "1.0.0.0",
      "parameters": {
        "$connections": {
          "defaultValue": {},
          "type": "Object"
        },
        "$authentication": {
          "defaultValue": {},
          "type": "SecureObject"
        },
        "SharepointSiteMrs (aro_SharepointSiteMrs)": {
          "defaultValue": "https://pandc2com.sharepoint.com/sites/MRS",
          "type": "String",
          "metadata": {
            "schemaName": "aro_SharepointSiteMrs",
            "description": "MRS sharepoint site"
          }
        }
      },
      "triggers": {
        "When_an_item_is_created": {
          "recurrence": {
            "interval": 1,
            "frequency": "Minute"
          },
          "splitOn": "@triggerOutputs()?['body/value']",
          "metadata": {
            "operationMetadataId": "8116ef4b-13e9-437a-afb6-4da989f88339"
          },
          "type": "OpenApiConnection",
          "inputs": {
            "host": {
              "connectionName": "shared_sharepointonline",
              "operationId": "GetOnNewItems",
              "apiId": "/providers/Microsoft.PowerApps/apis/shared_sharepointonline"
            },
            "parameters": {
              "dataset": "@parameters('SharepointSiteMrs (aro_SharepointSiteMrs)')",
              "table": "009c728f-7870-4ab9-9cb4-9e3d538dc335"
            },
            "authentication": "@parameters('$authentication')"
          }
        }
      },
      "actions": {
        "Insert_row": {
          "runAfter": {},
          "metadata": {
            "1kuOe8X1_AeLGC5mEhZnph2cjbZMriQIA3TIFqVAAJhM": "/MRS/MRS DebitNote",
            "operationMetadataId": "d470d100-a69a-4a69-91c1-6bc957371d24"
          },
          "type": "OpenApiConnection",
          "inputs": {
            "host": {
              "connectionName": "shared_googlesheet",
              "operationId": "PostItem",
              "apiId": "/providers/Microsoft.PowerApps/apis/shared_googlesheet"
            },
            "parameters": {
              "dataset": "1kuOe8X1_AeLGC5mEhZnph2cjbZMriQIA3TIFqVAAJhM",
              "table": "0",
              "item/ID": "@triggerBody()?['ID']",
              "item/Date": "@triggerBody()?['Date']",
              "item/Name": "@triggerBody()?['Name']",
              "item/Supervisor": "@triggerBody()?['Supervisor']",
              "item/ResourceType": "@triggerBody()?['Resource']",
              "item/Amount": "@triggerBody()?['Amount']",
              "item/Description": "@triggerBody()?['Description']"
            },
            "authentication": "@parameters('$authentication')"
          }
        }
      },
      "outputs": {}
    },
    "templateName": ""
  },
  "schemaVersion": "1.0.0.0"
}