{
  "properties": {
    "connectionReferences": {
      "shared_sharepointonline": {
        "api": {
          "name": "shared_sharepointonline"
        },
        "connection": {
          "connectionReferenceLogicalName": "aro_sharedsharepointonline_81fae"
        },
        "runtimeSource": "embedded"
      }
    },
    "definition": {
      "$schema": "https://schema.management.azure.com/providers/Microsoft.Logic/schemas/2016-06-01/workflowdefinition.json#",
      "contentVersion": "1.0.0.0",
      "parameters": {
        "$authentication": {
          "defaultValue": {},
          "type": "SecureObject"
        },
        "$connections": {
          "defaultValue": {},
          "type": "Object"
        },
        "SharepointSiteMrs (aro_SharepointSiteMrs)": {
          "defaultValue": "https://pandc2com.sharepoint.com/sites/MRS",
          "type": "String",
          "metadata": {
            "schemaName": "aro_SharepointSiteMrs",
            "description": "MRS sharepoint site"
          }
        }
      },
      "triggers": {
        "When_an_item_is_created": {
          "type": "OpenApiConnection",
          "inputs": {
            "parameters": {
              "dataset": "@parameters('SharepointSiteMrs (aro_SharepointSiteMrs)')",
              "table": "5e3e9a1c-6b44-468e-93d3-180c9a19e2f7"
            },
            "host": {
              "apiId": "/providers/Microsoft.PowerApps/apis/shared_sharepointonline",
              "operationId": "GetOnNewItems",
              "connectionName": "shared_sharepointonline"
            }
          },
          "recurrence": {
            "frequency": "Minute",
            "interval": 1
          },
          "splitOn": "@triggerOutputs()?['body/value']",
          "metadata": {
            "operationMetadataId": "3123accc-265d-4141-8652-d16c03ba37a8"
          }
        }
      },
      "actions": {
        "Initialize_variable": {
          "type": "InitializeVariable",
          "inputs": {
            "variables": [
              {
                "name": "var",
                "type": "string"
              }
            ]
          },
          "runAfter": {},
          "metadata": {
            "operationMetadataId": "9d634cbb-0511-4085-935a-f58f5ef05fbf"
          }
        },
        "Initialize_variable_1": {
          "type": "InitializeVariable",
          "inputs": {
            "variables": [
              {
                "name": "excelvar",
                "type": "string"
              }
            ]
          },
          "runAfter": {
            "Initialize_variable": [
              "Succeeded"
            ]
          },
          "metadata": {
            "operationMetadataId": "cd65b615-8c0b-423a-a156-6cf1218eabad"
          }
        },
        "Get_attachments": {
          "type": "OpenApiConnection",
          "inputs": {
            "parameters": {
              "dataset": "@parameters('SharepointSiteMrs (aro_SharepointSiteMrs)')",
              "table": "5e3e9a1c-6b44-468e-93d3-180c9a19e2f7",
              "itemId": "@triggerBody()?['ID']"
            },
            "host": {
              "apiId": "/providers/Microsoft.PowerApps/apis/shared_sharepointonline",
              "operationId": "GetItemAttachments",
              "connectionName": "shared_sharepointonline"
            }
          },
          "runAfter": {
            "Initialize_variable_1": [
              "Succeeded"
            ]
          },
          "metadata": {
            "operationMetadataId": "f16f0f9e-6c90-4d31-91f8-e60260d72817"
          }
        },
        "For_each": {
          "type": "Foreach",
          "foreach": "@outputs('Get_attachments')?['body']",
          "actions": {
            "Append_to_string_variable": {
              "type": "AppendToStringVariable",
              "inputs": {
                "name": "var",
                "value": "<li><a href=\"@{items('For_each')?['AbsoluteUri']}\">@{item()?['DisplayName']}</a></li>"
              },
              "metadata": {
                "operationMetadataId": "b62b9885-fa33-4b83-8eb8-57970fcae867"
              }
            },
            "Append_to_string_variable_1": {
              "type": "AppendToStringVariable",
              "inputs": {
                "name": "excelvar",
                "value": "@item()?['AbsoluteUri']"
              },
              "runAfter": {
                "Append_to_string_variable": [
                  "Succeeded"
                ]
              },
              "metadata": {
                "operationMetadataId": "6e1e8a83-fdca-44d6-8415-7c24086bc6a5"
              }
            },
            "Update_item": {
              "type": "OpenApiConnection",
              "inputs": {
                "parameters": {
                  "dataset": "@parameters('SharepointSiteMrs (aro_SharepointSiteMrs)')",
                  "table": "5e3e9a1c-6b44-468e-93d3-180c9a19e2f7",
                  "id": "@triggerBody()?['ID']",
                  "item/Hyperlink": "<p>@{variables('var')}</p>",
                  "item/ExcelHyper": "@variables('excelvar')"
                },
                "host": {
                  "apiId": "/providers/Microsoft.PowerApps/apis/shared_sharepointonline",
                  "operationId": "PatchItem",
                  "connectionName": "shared_sharepointonline"
                }
              },
              "runAfter": {
                "Append_to_string_variable_1": [
                  "Succeeded"
                ]
              },
              "metadata": {
                "operationMetadataId": "583bbb3a-8891-4473-b897-da1582cdfd93"
              }
            }
          },
          "runAfter": {
            "Get_attachments": [
              "Succeeded"
            ]
          },
          "metadata": {
            "operationMetadataId": "403092d3-cd9b-4527-b656-76f24e083558"
          }
        },
        "For_each_1": {
          "type": "Foreach",
          "foreach": "@outputs('Get_attachments')?['body']",
          "actions": {
            "Get_attachment_content": {
              "type": "OpenApiConnection",
              "inputs": {
                "parameters": {
                  "dataset": "@parameters('SharepointSiteMrs (aro_SharepointSiteMrs)')",
                  "table": "5e3e9a1c-6b44-468e-93d3-180c9a19e2f7",
                  "itemId": "@triggerBody()?['ID']",
                  "attachmentId": "@items('For_each_1')?['Id']"
                },
                "host": {
                  "apiId": "/providers/Microsoft.PowerApps/apis/shared_sharepointonline",
                  "operationId": "GetAttachmentContent",
                  "connectionName": "shared_sharepointonline"
                }
              },
              "metadata": {
                "operationMetadataId": "7589607c-0a04-4dc0-81bd-db4c6b8fe208"
              }
            },
            "Create_file": {
              "type": "OpenApiConnection",
              "inputs": {
                "parameters": {
                  "dataset": "@parameters('SharepointSiteMrs (aro_SharepointSiteMrs)')",
                  "folderPath": "/Shared Documents/MRS-ProgressPhotos",
                  "name": "@item()?['DisplayName']",
                  "body": "@body('Get_attachment_content')"
                },
                "host": {
                  "apiId": "/providers/Microsoft.PowerApps/apis/shared_sharepointonline",
                  "operationId": "CreateFile",
                  "connectionName": "shared_sharepointonline"
                }
              },
              "runAfter": {
                "Get_attachment_content": [
                  "Succeeded"
                ]
              },
              "runtimeConfiguration": {
                "contentTransfer": {
                  "transferMode": "Chunked"
                }
              },
              "metadata": {
                "operationMetadataId": "c07b6b07-4a46-4412-88a9-029639c0e59e"
              }
            }
          },
          "runAfter": {
            "Get_attachments": [
              "Succeeded"
            ]
          },
          "metadata": {
            "operationMetadataId": "379d66e5-ffaf-4292-96fa-e19d5e1f530a"
          }
        }
      },
      "outputs": {}
    },
    "templateName": null
  },
  "schemaVersion": "1.0.0.0"
}