{
  "properties": {
    "connectionReferences": {
      "shared_sharepointonline": {
        "api": {
          "name": "shared_sharepointonline"
        },
        "connection": {
          "connectionReferenceLogicalName": "aro_sharedsharepointonline_81fae"
        },
        "runtimeSource": "embedded"
      }
    },
    "definition": {
      "$schema": "https://schema.management.azure.com/providers/Microsoft.Logic/schemas/2016-06-01/workflowdefinition.json#",
      "contentVersion": "1.0.0.0",
      "parameters": {
        "$authentication": {
          "defaultValue": {},
          "type": "SecureObject"
        },
        "$connections": {
          "defaultValue": {},
          "type": "Object"
        },
        "SharepointSiteMrs (aro_SharepointSiteMrs)": {
          "defaultValue": "https://pandc2com.sharepoint.com/sites/MRS",
          "type": "String",
          "metadata": {
            "schemaName": "aro_SharepointSiteMrs",
            "description": "MRS sharepoint site"
          }
        }
      },
      "triggers": {
        "When_an_item_is_created": {
          "type": "OpenApiConnection",
          "inputs": {
            "parameters": {
              "dataset": "@parameters('SharepointSiteMrs (aro_SharepointSiteMrs)')",
              "table": "c7b32027-700f-4bdc-af8d-9f383f7cda73"
            },
            "host": {
              "apiId": "/providers/Microsoft.PowerApps/apis/shared_sharepointonline",
              "operationId": "GetOnNewItems",
              "connectionName": "shared_sharepointonline"
            }
          },
          "recurrence": {
            "frequency": "Minute",
            "interval": 1
          },
          "splitOn": "@triggerOutputs()?['body/value']",
          "metadata": {
            "operationMetadataId": "7123314a-5cc2-420a-adf5-f9576900cd29"
          }
        }
      },
      "actions": {
        "Initialize_variable": {
          "type": "InitializeVariable",
          "inputs": {
            "variables": [
              {
                "name": "var",
                "type": "string",
                "value": "<ul>"
              }
            ]
          },
          "runAfter": {},
          "metadata": {
            "operationMetadataId": "343f3609-d06d-4c97-bc88-72b28ed57c13"
          }
        },
        "Initialize_variable_1": {
          "type": "InitializeVariable",
          "inputs": {
            "variables": [
              {
                "name": "excelvar",
                "type": "string",
                "value": "<ul>"
              }
            ]
          },
          "runAfter": {
            "Initialize_variable": [
              "Succeeded"
            ]
          },
          "metadata": {
            "operationMetadataId": "5ad21f79-7eab-486e-9d7f-6d0bc75b043a"
          }
        },
        "Get_attachments": {
          "type": "OpenApiConnection",
          "inputs": {
            "parameters": {
              "dataset": "@parameters('SharepointSiteMrs (aro_SharepointSiteMrs)')",
              "table": "c7b32027-700f-4bdc-af8d-9f383f7cda73",
              "itemId": "@triggerBody()?['ID']"
            },
            "host": {
              "apiId": "/providers/Microsoft.PowerApps/apis/shared_sharepointonline",
              "operationId": "GetItemAttachments",
              "connectionName": "shared_sharepointonline"
            }
          },
          "runAfter": {
            "Initialize_variable_1": [
              "Succeeded"
            ]
          },
          "metadata": {
            "operationMetadataId": "9a85a24d-a74c-4977-bbf9-33211b7ed49a"
          }
        },
        "For_each": {
          "type": "Foreach",
          "foreach": "@body('Get_attachments')",
          "actions": {
            "Append_to_string_variable": {
              "type": "AppendToStringVariable",
              "inputs": {
                "name": "var",
                "value": "<li><a href=\"@{item()?['AbsoluteUri']}\">@{item()?['DisplayName']}</a></li>"
              },
              "metadata": {
                "operationMetadataId": "446f0d2a-0a35-4022-8be0-2f0ff1d40e6e"
              }
            },
            "Append_to_string_variable_1": {
              "type": "AppendToStringVariable",
              "inputs": {
                "name": "excelvar",
                "value": "@item()?['AbsoluteUri']"
              },
              "runAfter": {
                "Append_to_string_variable": [
                  "Succeeded"
                ]
              },
              "metadata": {
                "operationMetadataId": "11c277d2-b9e9-4bb8-a6dd-5b27558b4e41"
              }
            },
            "Update_item": {
              "type": "OpenApiConnection",
              "inputs": {
                "parameters": {
                  "dataset": "@parameters('SharepointSiteMrs (aro_SharepointSiteMrs)')",
                  "table": "c7b32027-700f-4bdc-af8d-9f383f7cda73",
                  "id": "@triggerBody()?['ID']",
                  "item/field_13": "<p>@{variables('var')}</p>",
                  "item/field_14": "<p>@{variables('excelvar')}</p>"
                },
                "host": {
                  "apiId": "/providers/Microsoft.PowerApps/apis/shared_sharepointonline",
                  "operationId": "PatchItem",
                  "connectionName": "shared_sharepointonline"
                }
              },
              "runAfter": {
                "Append_to_string_variable_1": [
                  "Succeeded"
                ]
              },
              "metadata": {
                "operationMetadataId": "e2000453-94d9-4e6b-a9f6-f1f614f2fa9b"
              }
            }
          },
          "runAfter": {
            "Get_attachments": [
              "Succeeded"
            ]
          },
          "metadata": {
            "operationMetadataId": "b87b0f0c-4010-4ab0-93ff-fe3508473d7f"
          }
        },
        "For_each_1": {
          "type": "Foreach",
          "foreach": "@body('Get_attachments')",
          "actions": {
            "Get_attachment_content": {
              "type": "OpenApiConnection",
              "inputs": {
                "parameters": {
                  "dataset": "@parameters('SharepointSiteMrs (aro_SharepointSiteMrs)')",
                  "table": "c7b32027-700f-4bdc-af8d-9f383f7cda73",
                  "itemId": "@triggerBody()?['ID']",
                  "attachmentId": "@items('For_each_1')?['Id']"
                },
                "host": {
                  "apiId": "/providers/Microsoft.PowerApps/apis/shared_sharepointonline",
                  "operationId": "GetAttachmentContent",
                  "connectionName": "shared_sharepointonline"
                }
              },
              "metadata": {
                "operationMetadataId": "8d2776bf-455e-46af-9735-bbd0830329c3"
              }
            },
            "Create_file": {
              "type": "OpenApiConnection",
              "inputs": {
                "parameters": {
                  "dataset": "@parameters('SharepointSiteMrs (aro_SharepointSiteMrs)')",
                  "folderPath": "/Shared Documents/MRS-LabourPhotos",
                  "name": "@items('For_each_1')?['AbsoluteUri']",
                  "body": "@body('Get_attachment_content')"
                },
                "host": {
                  "apiId": "/providers/Microsoft.PowerApps/apis/shared_sharepointonline",
                  "operationId": "CreateFile",
                  "connectionName": "shared_sharepointonline"
                }
              },
              "runAfter": {
                "Get_attachment_content": [
                  "Succeeded"
                ]
              },
              "runtimeConfiguration": {
                "contentTransfer": {
                  "transferMode": "Chunked"
                }
              },
              "metadata": {
                "operationMetadataId": "09f18257-5c5f-4d9e-aa63-adcbcd5111fc"
              }
            },
            "Switch": {
              "type": "Switch",
              "expression": "@triggerBody()?['field_7']",
              "default": {
                "actions": {
                  "Create_file_5": {
                    "type": "OpenApiConnection",
                    "inputs": {
                      "parameters": {
                        "dataset": "@parameters('SharepointSiteMrs (aro_SharepointSiteMrs)')",
                        "folderPath": "/Shared Documents/MRS-LabourPhotos/MRS-labourphotos default",
                        "name": "@items('For_each_1')?['AbsoluteUri']",
                        "body": "@body('Get_attachment_content')"
                      },
                      "host": {
                        "apiId": "/providers/Microsoft.PowerApps/apis/shared_sharepointonline",
                        "operationId": "CreateFile",
                        "connectionName": "shared_sharepointonline"
                      }
                    },
                    "runtimeConfiguration": {
                      "contentTransfer": {
                        "transferMode": "Chunked"
                      }
                    },
                    "metadata": {
                      "operationMetadataId": "89c2b031-2b36-4324-b6e7-c911da19e248"
                    }
                  }
                }
              },
              "cases": {
                "MRS-CLS": {
                  "actions": {
                    "Create_file_1": {
                      "type": "OpenApiConnection",
                      "inputs": {
                        "parameters": {
                          "dataset": "@parameters('SharepointSiteMrs (aro_SharepointSiteMrs)')",
                          "folderPath": "/Shared Documents/MRS-LabourPhotos/CLS",
                          "name": "@items('For_each_1')?['AbsoluteUri']",
                          "body": "@body('Get_attachment_content')"
                        },
                        "host": {
                          "apiId": "/providers/Microsoft.PowerApps/apis/shared_sharepointonline",
                          "operationId": "CreateFile",
                          "connectionName": "shared_sharepointonline"
                        }
                      },
                      "runtimeConfiguration": {
                        "contentTransfer": {
                          "transferMode": "Chunked"
                        }
                      },
                      "metadata": {
                        "operationMetadataId": "a8fcf477-5ddf-45b9-9e4d-f127d99cacf4"
                      }
                    }
                  },
                  "case": "CLS"
                },
                "MRS-DMR": {
                  "actions": {
                    "Create_file_2": {
                      "type": "OpenApiConnection",
                      "inputs": {
                        "parameters": {
                          "dataset": "@parameters('SharepointSiteMrs (aro_SharepointSiteMrs)')",
                          "folderPath": "/Shared Documents/MRS-LabourPhotos/DMR",
                          "name": "@items('For_each_1')?['AbsoluteUri']",
                          "body": "@body('Get_attachment_content')"
                        },
                        "host": {
                          "apiId": "/providers/Microsoft.PowerApps/apis/shared_sharepointonline",
                          "operationId": "CreateFile",
                          "connectionName": "shared_sharepointonline"
                        }
                      },
                      "runtimeConfiguration": {
                        "contentTransfer": {
                          "transferMode": "Chunked"
                        }
                      },
                      "metadata": {
                        "operationMetadataId": "8a8c89f8-37fe-480e-ad19-f0d41f185eda"
                      }
                    }
                  },
                  "case": "DMR"
                },
                "MRS-PW": {
                  "actions": {
                    "Create_file_3": {
                      "type": "OpenApiConnection",
                      "inputs": {
                        "parameters": {
                          "dataset": "@parameters('SharepointSiteMrs (aro_SharepointSiteMrs)')",
                          "folderPath": "/Shared Documents/MRS-LabourPhotos/PW",
                          "name": "@items('For_each_1')?['AbsoluteUri']",
                          "body": "@body('Get_attachment_content')"
                        },
                        "host": {
                          "apiId": "/providers/Microsoft.PowerApps/apis/shared_sharepointonline",
                          "operationId": "CreateFile",
                          "connectionName": "shared_sharepointonline"
                        }
                      },
                      "runtimeConfiguration": {
                        "contentTransfer": {
                          "transferMode": "Chunked"
                        }
                      },
                      "metadata": {
                        "operationMetadataId": "2bc231a2-bab9-479f-88b8-de4118e94cfe"
                      }
                    }
                  },
                  "case": "PW"
                },
                "MRS-RSC": {
                  "actions": {
                    "Create_file_4": {
                      "type": "OpenApiConnection",
                      "inputs": {
                        "parameters": {
                          "dataset": "@parameters('SharepointSiteMrs (aro_SharepointSiteMrs)')",
                          "folderPath": "/Shared Documents/MRS-LabourPhotos/RSC",
                          "name": "@items('For_each_1')?['AbsoluteUri']",
                          "body": "@body('Get_attachment_content')"
                        },
                        "host": {
                          "apiId": "/providers/Microsoft.PowerApps/apis/shared_sharepointonline",
                          "operationId": "CreateFile",
                          "connectionName": "shared_sharepointonline"
                        }
                      },
                      "runtimeConfiguration": {
                        "contentTransfer": {
                          "transferMode": "Chunked"
                        }
                      },
                      "metadata": {
                        "operationMetadataId": "dbcc5ec6-6ac2-4678-9042-34bf049b65e5"
                      }
                    }
                  },
                  "case": "RSC"
                }
              },
              "runAfter": {
                "Create_file": [
                  "Succeeded"
                ]
              },
              "metadata": {
                "operationMetadataId": "14dadaf9-6c6b-4478-946c-95d07383c854"
              }
            }
          },
          "runAfter": {
            "Get_attachments": [
              "Succeeded"
            ]
          },
          "metadata": {
            "operationMetadataId": "df3789f6-eaed-4be6-a67f-c3f54f5c6ce6"
          }
        }
      },
      "outputs": {}
    },
    "templateName": null
  },
  "schemaVersion": "1.0.0.0"
}