<environmentvariabledefinition schemaname="aro_SharepointSiteMrs">
  <apiid>/providers/microsoft.powerapps/apis/shared_sharepointonline</apiid>
  <description default="MRS sharepoint site">
    <label description="MRS sharepoint site" languagecode="1033" />
  </description>
  <displayname default="SharepointSiteMrs">
    <label description="SharepointSiteMrs" languagecode="1033" />
  </displayname>
  <introducedversion>1.0.0.0</introducedversion>
  <iscustomizable>1</iscustomizable>
  <isrequired>0</isrequired>
  <parameterkey>dataset</parameterkey>
  <secretstore>0</secretstore>
  <type>100000004</type>
</environmentvariabledefinition>