<ImportExportXml xmlns:xsi="http://www.w3.org/2001/XMLSchema-instance" OrganizationVersion="9.2.24091.178" OrganizationSchemaType="Standard" CRMServerServiceabilityVersion="9.2.24091.00178">
  <Entities></Entities>
  <Roles></Roles>
  <Workflows>
    <Workflow WorkflowId="{501f2b95-446b-ef11-a670-7c1e520e3b47}" Name="MRS-DebitNote">
      <JsonFileName>/Workflows/MRS-DebitNote-501F2B95-446B-EF11-A670-7C1E520E3B47.json</JsonFileName>
      <Type>1</Type>
      <Subprocess>0</Subprocess>
      <Category>5</Category>
      <Mode>0</Mode>
      <Scope>4</Scope>
      <OnDemand>0</OnDemand>
      <TriggerOnCreate>0</TriggerOnCreate>
      <TriggerOnDelete>0</TriggerOnDelete>
      <AsyncAutodelete>0</AsyncAutodelete>
      <SyncWorkflowLogOnFailure>0</SyncWorkflowLogOnFailure>
      <StateCode>1</StateCode>
      <StatusCode>2</StatusCode>
      <RunAs>1</RunAs>
      <IsTransacted>1</IsTransacted>
      <IntroducedVersion>1.0.0.0</IntroducedVersion>
      <IsCustomizable>1</IsCustomizable>
      <BusinessProcessType>0</BusinessProcessType>
      <IsCustomProcessingStepAllowedForOtherPublishers>1</IsCustomProcessingStepAllowedForOtherPublishers>
      <PrimaryEntity>none</PrimaryEntity>
      <LocalizedNames>
        <LocalizedName languagecode="1033" description="MRS-DebitNote" />
      </LocalizedNames>
    </Workflow>
    <Workflow WorkflowId="{511f2b95-446b-ef11-a670-7c1e520e3b47}" Name="MRS LabourPhotos">
      <JsonFileName>/Workflows/MRSLabourPhotos-511F2B95-446B-EF11-A670-7C1E520E3B47.json</JsonFileName>
      <Type>1</Type>
      <Subprocess>0</Subprocess>
      <Category>5</Category>
      <Mode>0</Mode>
      <Scope>4</Scope>
      <OnDemand>0</OnDemand>
      <TriggerOnCreate>0</TriggerOnCreate>
      <TriggerOnDelete>0</TriggerOnDelete>
      <AsyncAutodelete>0</AsyncAutodelete>
      <SyncWorkflowLogOnFailure>0</SyncWorkflowLogOnFailure>
      <StateCode>1</StateCode>
      <StatusCode>2</StatusCode>
      <RunAs>1</RunAs>
      <IsTransacted>1</IsTransacted>
      <IntroducedVersion>1.0.0.0</IntroducedVersion>
      <IsCustomizable>1</IsCustomizable>
      <BusinessProcessType>0</BusinessProcessType>
      <IsCustomProcessingStepAllowedForOtherPublishers>1</IsCustomProcessingStepAllowedForOtherPublishers>
      <PrimaryEntity>none</PrimaryEntity>
      <LocalizedNames>
        <LocalizedName languagecode="1033" description="MRS LabourPhotos" />
      </LocalizedNames>
    </Workflow>
    <Workflow WorkflowId="{521f2b95-446b-ef11-a670-7c1e520e3b47}" Name="MRS-ProgressPhotos">
      <JsonFileName>/Workflows/MRS-ProgressPhotos-521F2B95-446B-EF11-A670-7C1E520E3B47.json</JsonFileName>
      <Type>1</Type>
      <Subprocess>0</Subprocess>
      <Category>5</Category>
      <Mode>0</Mode>
      <Scope>4</Scope>
      <OnDemand>0</OnDemand>
      <TriggerOnCreate>0</TriggerOnCreate>
      <TriggerOnDelete>0</TriggerOnDelete>
      <AsyncAutodelete>0</AsyncAutodelete>
      <SyncWorkflowLogOnFailure>0</SyncWorkflowLogOnFailure>
      <StateCode>1</StateCode>
      <StatusCode>2</StatusCode>
      <RunAs>1</RunAs>
      <IsTransacted>1</IsTransacted>
      <IntroducedVersion>1.0.0.0</IntroducedVersion>
      <IsCustomizable>1</IsCustomizable>
      <BusinessProcessType>0</BusinessProcessType>
      <IsCustomProcessingStepAllowedForOtherPublishers>1</IsCustomProcessingStepAllowedForOtherPublishers>
      <PrimaryEntity>none</PrimaryEntity>
      <LocalizedNames>
        <LocalizedName languagecode="1033" description="MRS-ProgressPhotos" />
      </LocalizedNames>
    </Workflow>
    <Workflow WorkflowId="{531f2b95-446b-ef11-a670-7c1e520e3b47}" Name="MRS-CLS/DMR-Split">
      <JsonFileName>/Workflows/MRS-CLSDMR-Split-531F2B95-446B-EF11-A670-7C1E520E3B47.json</JsonFileName>
      <Type>1</Type>
      <Subprocess>0</Subprocess>
      <Category>5</Category>
      <Mode>0</Mode>
      <Scope>4</Scope>
      <OnDemand>0</OnDemand>
      <TriggerOnCreate>0</TriggerOnCreate>
      <TriggerOnDelete>0</TriggerOnDelete>
      <AsyncAutodelete>0</AsyncAutodelete>
      <SyncWorkflowLogOnFailure>0</SyncWorkflowLogOnFailure>
      <StateCode>1</StateCode>
      <StatusCode>2</StatusCode>
      <RunAs>1</RunAs>
      <IsTransacted>1</IsTransacted>
      <IntroducedVersion>1.0.0.0</IntroducedVersion>
      <IsCustomizable>1</IsCustomizable>
      <BusinessProcessType>0</BusinessProcessType>
      <IsCustomProcessingStepAllowedForOtherPublishers>1</IsCustomProcessingStepAllowedForOtherPublishers>
      <PrimaryEntity>none</PrimaryEntity>
      <LocalizedNames>
        <LocalizedName languagecode="1033" description="MRS-CLS/DMR-Split" />
      </LocalizedNames>
    </Workflow>
  </Workflows>
  <FieldSecurityProfiles></FieldSecurityProfiles>
  <Templates />
  <EntityMaps />
  <EntityRelationships />
  <OrganizationSettings />
  <optionsets />
  <CustomControls />
  <EntityDataProviders />
  <CanvasApps>
    <CanvasApp>
      <Name>aro_mrsprogressphotos_46519</Name>
      <AppVersion>2024-09-18T09:04:15Z</AppVersion>
      <Status>Ready</Status>
      <CreatedByClientVersion>3.24091.13.0</CreatedByClientVersion>
      <MinClientVersion>3.24091.13.0</MinClientVersion>
      <Tags>{"primaryDeviceWidth":"640","primaryDeviceHeight":"1136","supportsPortrait":"true","supportsLandscape":"true","primaryFormFactor":"Phone","showStatusBar":"false","publisherVersion":"3.24091.13","minimumRequiredApiVersion":"2.2.0","hasComponent":"false","hasUnlockedComponent":"false","isUnifiedRootApp":"false","sienaVersion":"20240918T071710Z-3.24091.13.0"}</Tags>
      <IsCdsUpgraded>0</IsCdsUpgraded>
      <GalleryItemId xsi:nil="true"></GalleryItemId>
      <BackgroundColor>RGBA(0,176,240,1)</BackgroundColor>
      <DisplayName>MRS-ProgressPhotos</DisplayName>
      <Description>beta test2</Description>
      <CommitMessage xsi:nil="true"></CommitMessage>
      <Publisher xsi:nil="true"></Publisher>
      <AuthorizationReferences>[]</AuthorizationReferences>
      <ConnectionReferences>{"e4cd710c-ab63-4c83-aa7a-da568b29b4ff":{"id":"/providers/microsoft.powerapps/apis/shared_sharepointonline","displayName":"SharePoint","iconUri":"https://connectoricons-prod.azureedge.net/u/jayawan/releases/v1.0.1697/1.0.1697.3786/sharepointonline/icon.png","dataSources":["MRS-ProgressPhoto","MRS-CLS/DMR-dd","MRSLoginCredential"],"dependencies":[],"dependents":[],"parameterHints":{},"parameterHintsV2":{},"isOnPremiseConnection":false,"bypassConsent":false,"dataSets":{"https://pandc2com.sharepoint.com/sites/MRS_aro_SharepointSiteMrs":{"datasetOverride":{"name":"https://pandc2com.sharepoint.com/sites/MRS","environmentVariableName":"aro_SharepointSiteMrs"},"dataSources":{"MRS-CLS/DMR-dd":{"tableName":"1296c3cd-a54b-486e-b54a-7f8c03cb03b8","tableNameOverride":{"name":"1296c3cd-a54b-486e-b54a-7f8c03cb03b8","environmentVariableName":"aro_ClsDmrDdMRS"}},"MRS-ProgressPhoto":{"tableName":"5e3e9a1c-6b44-468e-93d3-180c9a19e2f7","tableNameOverride":{"name":"5e3e9a1c-6b44-468e-93d3-180c9a19e2f7","environmentVariableName":"aro_ProgressPhotoMRS"}},"MRSLoginCredential":{"tableName":"81351273-9443-483c-8da2-2da1a4cd1181","tableNameOverride":{"name":"81351273-9443-483c-8da2-2da1a4cd1181","environmentVariableName":"aro_MRSLoginCredential"}}}}},"apiTier":"Standard","actions":["providers/PowerPlatform.Governance/Operations/Read","providers/PowerPlatform.Governance/Operations/Write"]}}</ConnectionReferences>
      <DatabaseReferences>{}</DatabaseReferences>
      <AppComponents>[]</AppComponents>
      <AppComponentDependencies>[]</AppComponentDependencies>
      <CanConsumeAppPass>1</CanConsumeAppPass>
      <CanvasAppType>0</CanvasAppType>
      <BypassConsent>0</BypassConsent>
      <AdminControlBypassConsent>0</AdminControlBypassConsent>
      <EmbeddedApp xsi:nil="true"></EmbeddedApp>
      <IntroducedVersion>1.0</IntroducedVersion>
      <CdsDependencies>{"cdsdependencies":[{"logicalname":"aro_SharepointSiteMrs","componenttype":380,"componenttypeplatformname":"EnvironmentVariableDefinition"},{"logicalname":"aro_ClsDmrDdMRS","componenttype":380,"componenttypeplatformname":"EnvironmentVariableDefinition"},{"logicalname":"aro_ProgressPhotoMRS","componenttype":380,"componenttypeplatformname":"EnvironmentVariableDefinition"},{"logicalname":"aro_MRSLoginCredential","componenttype":380,"componenttypeplatformname":"EnvironmentVariableDefinition"}]}</CdsDependencies>
      <IsCustomizable>1</IsCustomizable>
      <BackgroundImageUri>/CanvasApps/aro_mrsprogressphotos_46519_BackgroundImageUri</BackgroundImageUri>
      <DocumentUri>/CanvasApps/aro_mrsprogressphotos_46519_DocumentUri.msapp</DocumentUri>
      <AdditionalUris>
        <AdditionalUri>/CanvasApps/aro_mrsprogressphotos_46519_AdditionalUris0_identity.json</AdditionalUri>
      </AdditionalUris>
    </CanvasApp>
    <CanvasApp>
      <Name>aro_mrslabourphotos_0af6a</Name>
      <AppVersion>2024-09-12T05:06:19Z</AppVersion>
      <Status>Ready</Status>
      <CreatedByClientVersion>3.24091.13.0</CreatedByClientVersion>
      <MinClientVersion>3.24091.13.0</MinClientVersion>
      <Tags>{"primaryDeviceWidth":"640","primaryDeviceHeight":"1136","supportsPortrait":"true","supportsLandscape":"true","primaryFormFactor":"Phone","showStatusBar":"false","publisherVersion":"3.24091.13","minimumRequiredApiVersion":"2.2.0","hasComponent":"false","hasUnlockedComponent":"false","isUnifiedRootApp":"false","sienaVersion":"20240905T084135Z-3.24084.21.0"}</Tags>
      <IsCdsUpgraded>0</IsCdsUpgraded>
      <GalleryItemId xsi:nil="true"></GalleryItemId>
      <BackgroundColor>RGBA(0,176,240,1)</BackgroundColor>
      <DisplayName>MRS-LabourPhotos</DisplayName>
      <Description>beta</Description>
      <CommitMessage xsi:nil="true"></CommitMessage>
      <Publisher xsi:nil="true"></Publisher>
      <AuthorizationReferences>[]</AuthorizationReferences>
      <ConnectionReferences>{"92e5b275-b5b1-4c5e-88aa-32793592d5bc":{"id":"/providers/microsoft.powerapps/apis/shared_sharepointonline","displayName":"SharePoint","iconUri":"https://connectoricons-prod.azureedge.net/u/jayawan/releases/v1.0.1697/1.0.1697.3786/sharepointonline/icon.png","dataSources":["MRS-CLS/DMR-dd","MRSLoginCredential","MRS-LabourPhotos"],"dependencies":[],"dependents":[],"parameterHints":{},"parameterHintsV2":{},"isOnPremiseConnection":false,"bypassConsent":false,"dataSets":{"https://pandc2com.sharepoint.com/sites/MRS_aro_SharepointSiteMrs":{"datasetOverride":{"name":"https://pandc2com.sharepoint.com/sites/MRS","environmentVariableName":"aro_SharepointSiteMrs"},"dataSources":{"MRS-CLS/DMR-dd":{"tableName":"1296c3cd-a54b-486e-b54a-7f8c03cb03b8","tableNameOverride":{"name":"1296c3cd-a54b-486e-b54a-7f8c03cb03b8","environmentVariableName":"aro_ClsDmrDdMRS"}},"MRSLoginCredential":{"tableName":"81351273-9443-483c-8da2-2da1a4cd1181","tableNameOverride":{"name":"81351273-9443-483c-8da2-2da1a4cd1181","environmentVariableName":"aro_MRSLoginCredential"}},"MRS-LabourPhotos":{"tableName":"c7b32027-700f-4bdc-af8d-9f383f7cda73","tableNameOverride":{"name":"c7b32027-700f-4bdc-af8d-9f383f7cda73","environmentVariableName":"aro_LabourPhotoMRS"}}}}},"apiTier":"Standard","actions":["providers/PowerPlatform.Governance/Operations/Read","providers/PowerPlatform.Governance/Operations/Write"]}}</ConnectionReferences>
      <DatabaseReferences>{}</DatabaseReferences>
      <AppComponents>[]</AppComponents>
      <AppComponentDependencies>[]</AppComponentDependencies>
      <CanConsumeAppPass>1</CanConsumeAppPass>
      <CanvasAppType>0</CanvasAppType>
      <BypassConsent>0</BypassConsent>
      <AdminControlBypassConsent>0</AdminControlBypassConsent>
      <EmbeddedApp xsi:nil="true"></EmbeddedApp>
      <IntroducedVersion>1.0</IntroducedVersion>
      <CdsDependencies>{"cdsdependencies":[{"logicalname":"aro_SharepointSiteMrs","componenttype":380,"componenttypeplatformname":"EnvironmentVariableDefinition"},{"logicalname":"aro_ClsDmrDdMRS","componenttype":380,"componenttypeplatformname":"EnvironmentVariableDefinition"},{"logicalname":"aro_MRSLoginCredential","componenttype":380,"componenttypeplatformname":"EnvironmentVariableDefinition"},{"logicalname":"aro_LabourPhotoMRS","componenttype":380,"componenttypeplatformname":"EnvironmentVariableDefinition"}]}</CdsDependencies>
      <IsCustomizable>1</IsCustomizable>
      <BackgroundImageUri>/CanvasApps/aro_mrslabourphotos_0af6a_BackgroundImageUri</BackgroundImageUri>
      <DocumentUri>/CanvasApps/aro_mrslabourphotos_0af6a_DocumentUri.msapp</DocumentUri>
      <AdditionalUris>
        <AdditionalUri>/CanvasApps/aro_mrslabourphotos_0af6a_AdditionalUris0_identity.json</AdditionalUri>
      </AdditionalUris>
    </CanvasApp>
    <CanvasApp>
      <Name>aro_mrsclsdmr_70821</Name>
      <AppVersion>2024-09-05T09:01:29Z</AppVersion>
      <Status>Ready</Status>
      <CreatedByClientVersion>3.24084.21.0</CreatedByClientVersion>
      <MinClientVersion>3.24084.21.0</MinClientVersion>
      <Tags>{"primaryDeviceWidth":"640","primaryDeviceHeight":"1136","supportsPortrait":"true","supportsLandscape":"true","primaryFormFactor":"Phone","showStatusBar":"true","publisherVersion":"3.24084.21","minimumRequiredApiVersion":"2.2.0","hasComponent":"false","hasUnlockedComponent":"false","isUnifiedRootApp":"false","offlineLargeFilesSupport":"false","sienaVersion":"20240905T083955Z-3.24084.21.0"}</Tags>
      <IsCdsUpgraded>0</IsCdsUpgraded>
      <GalleryItemId xsi:nil="true"></GalleryItemId>
      <BackgroundColor>rgba(255, 255, 255, 1)</BackgroundColor>
      <DisplayName>MRS-CLS&amp;DMR</DisplayName>
      <Description xsi:nil="true"></Description>
      <CommitMessage xsi:nil="true"></CommitMessage>
      <Publisher xsi:nil="true"></Publisher>
      <AuthorizationReferences>[]</AuthorizationReferences>
      <ConnectionReferences>{"9059e877-ff74-46c1-a10c-9ac3a627cd7e":{"id":"/providers/microsoft.powerapps/apis/shared_sharepointonline","displayName":"SharePoint","iconUri":"https://connectoricons-prod.azureedge.net/u/jayawan/releases/v1.0.1697/1.0.1697.3786/sharepointonline/icon.png","dataSources":["MRS-CLS/DMR-db","MRS-CLS/DMR-dd","MRS-CLS/DMR-final","MRSLoginCredential"],"dependencies":[],"dependents":[],"parameterHints":{},"parameterHintsV2":{},"isOnPremiseConnection":false,"bypassConsent":false,"dataSets":{"https://pandc2com.sharepoint.com/sites/MRS_aro_SharepointSiteMrs":{"datasetOverride":{"name":"https://pandc2com.sharepoint.com/sites/MRS","environmentVariableName":"aro_SharepointSiteMrs"},"dataSources":{"MRS-CLS/DMR-db":{"tableName":"1fc29921-ea4d-4430-b7a6-677568684617","tableNameOverride":{"name":"1fc29921-ea4d-4430-b7a6-677568684617","environmentVariableName":"aro_ClsDmrDbMRS"}},"MRS-CLS/DMR-dd":{"tableName":"1296c3cd-a54b-486e-b54a-7f8c03cb03b8","tableNameOverride":{"name":"1296c3cd-a54b-486e-b54a-7f8c03cb03b8","environmentVariableName":"aro_ClsDmrDdMRS"}},"MRS-CLS/DMR-final":{"tableName":"d6b670e4-0354-4000-a5d9-ad835431654d","tableNameOverride":{"name":"d6b670e4-0354-4000-a5d9-ad835431654d","environmentVariableName":"aro_ClsDmrFinalMRS"}},"MRSLoginCredential":{"tableName":"81351273-9443-483c-8da2-2da1a4cd1181","tableNameOverride":{"name":"81351273-9443-483c-8da2-2da1a4cd1181","environmentVariableName":"aro_MRSLoginCredential"}}}}},"apiTier":"Standard","actions":["providers/PowerPlatform.Governance/Operations/Read","providers/PowerPlatform.Governance/Operations/Write"]}}</ConnectionReferences>
      <DatabaseReferences>{}</DatabaseReferences>
      <AppComponents>[]</AppComponents>
      <AppComponentDependencies>[]</AppComponentDependencies>
      <CanConsumeAppPass>1</CanConsumeAppPass>
      <CanvasAppType>0</CanvasAppType>
      <BypassConsent>0</BypassConsent>
      <AdminControlBypassConsent>0</AdminControlBypassConsent>
      <EmbeddedApp xsi:nil="true"></EmbeddedApp>
      <IntroducedVersion>1.0</IntroducedVersion>
      <CdsDependencies>{"cdsdependencies":[{"logicalname":"aro_SharepointSiteMrs","componenttype":380,"componenttypeplatformname":"EnvironmentVariableDefinition"},{"logicalname":"aro_ClsDmrDbMRS","componenttype":380,"componenttypeplatformname":"EnvironmentVariableDefinition"},{"logicalname":"aro_ClsDmrDdMRS","componenttype":380,"componenttypeplatformname":"EnvironmentVariableDefinition"},{"logicalname":"aro_ClsDmrFinalMRS","componenttype":380,"componenttypeplatformname":"EnvironmentVariableDefinition"},{"logicalname":"aro_MRSLoginCredential","componenttype":380,"componenttypeplatformname":"EnvironmentVariableDefinition"}]}</CdsDependencies>
      <IsCustomizable>1</IsCustomizable>
      <BackgroundImageUri>/CanvasApps/aro_mrsclsdmr_70821_BackgroundImageUri</BackgroundImageUri>
      <DocumentUri>/CanvasApps/aro_mrsclsdmr_70821_DocumentUri.msapp</DocumentUri>
      <AdditionalUris>
        <AdditionalUri>/CanvasApps/aro_mrsclsdmr_70821_AdditionalUris0_identity.json</AdditionalUri>
      </AdditionalUris>
    </CanvasApp>
    <CanvasApp>
      <Name>aro_mrsdebit_aa132</Name>
      <AppVersion>2024-09-05T08:47:26Z</AppVersion>
      <Status>Ready</Status>
      <CreatedByClientVersion>3.24084.21.0</CreatedByClientVersion>
      <MinClientVersion>3.24084.21.0</MinClientVersion>
      <Tags>{"primaryDeviceWidth":"640","primaryDeviceHeight":"1136","supportsPortrait":"true","supportsLandscape":"true","primaryFormFactor":"Phone","showStatusBar":"false","publisherVersion":"3.24084.21","minimumRequiredApiVersion":"2.2.0","hasComponent":"false","hasUnlockedComponent":"false","isUnifiedRootApp":"false","sienaVersion":"20240905T072001Z-3.24084.21.0"}</Tags>
      <IsCdsUpgraded>0</IsCdsUpgraded>
      <GalleryItemId xsi:nil="true"></GalleryItemId>
      <BackgroundColor>RGBA(0,176,240,1)</BackgroundColor>
      <DisplayName>MRS-Debit</DisplayName>
      <Description>Experience seamless management of debit transactions with MRS-Debit. This powerful app allows you to securely log in, view and sort debit records, and easily update essential information. Stay organized and in control with MRS-Debit.</Description>
      <CommitMessage xsi:nil="true"></CommitMessage>
      <Publisher xsi:nil="true"></Publisher>
      <AuthorizationReferences>[]</AuthorizationReferences>
      <ConnectionReferences>{"071e1145-6bd5-49d7-bc89-304e04e46313":{"id":"/providers/microsoft.powerapps/apis/shared_sharepointonline","displayName":"SharePoint","iconUri":"https://connectoricons-prod.azureedge.net/u/jayawan/releases/v1.0.1697/1.0.1697.3786/sharepointonline/icon.png","dataSources":["MRS-CLS/DMR-dd","MRSLoginCredential","MRS/Debit-db"],"dependencies":[],"dependents":[],"parameterHints":{},"parameterHintsV2":{},"isOnPremiseConnection":false,"bypassConsent":false,"dataSets":{"https://pandc2com.sharepoint.com/sites/MRS_aro_SharepointSiteMrs":{"datasetOverride":{"name":"https://pandc2com.sharepoint.com/sites/MRS","environmentVariableName":"aro_SharepointSiteMrs"},"dataSources":{"MRS-CLS/DMR-dd":{"tableName":"1296c3cd-a54b-486e-b54a-7f8c03cb03b8","tableNameOverride":{"name":"1296c3cd-a54b-486e-b54a-7f8c03cb03b8","environmentVariableName":"aro_ClsDmrDdMRS"}},"MRSLoginCredential":{"tableName":"81351273-9443-483c-8da2-2da1a4cd1181","tableNameOverride":{"name":"81351273-9443-483c-8da2-2da1a4cd1181","environmentVariableName":"aro_MRSLoginCredential"}},"MRS/Debit-db":{"tableName":"009c728f-7870-4ab9-9cb4-9e3d538dc335","tableNameOverride":{"name":"009c728f-7870-4ab9-9cb4-9e3d538dc335","environmentVariableName":"aro_DebitNoteMRS"}}}}},"apiTier":"Standard","actions":["providers/PowerPlatform.Governance/Operations/Read","providers/PowerPlatform.Governance/Operations/Write"]}}</ConnectionReferences>
      <DatabaseReferences>{}</DatabaseReferences>
      <AppComponents>[]</AppComponents>
      <AppComponentDependencies>[]</AppComponentDependencies>
      <CanConsumeAppPass>1</CanConsumeAppPass>
      <CanvasAppType>0</CanvasAppType>
      <BypassConsent>0</BypassConsent>
      <AdminControlBypassConsent>0</AdminControlBypassConsent>
      <EmbeddedApp xsi:nil="true"></EmbeddedApp>
      <IntroducedVersion>1.0</IntroducedVersion>
      <CdsDependencies>{"cdsdependencies":[{"logicalname":"aro_SharepointSiteMrs","componenttype":380,"componenttypeplatformname":"EnvironmentVariableDefinition"},{"logicalname":"aro_ClsDmrDdMRS","componenttype":380,"componenttypeplatformname":"EnvironmentVariableDefinition"},{"logicalname":"aro_MRSLoginCredential","componenttype":380,"componenttypeplatformname":"EnvironmentVariableDefinition"},{"logicalname":"aro_DebitNoteMRS","componenttype":380,"componenttypeplatformname":"EnvironmentVariableDefinition"}]}</CdsDependencies>
      <IsCustomizable>1</IsCustomizable>
      <BackgroundImageUri>/CanvasApps/aro_mrsdebit_aa132_BackgroundImageUri</BackgroundImageUri>
      <DocumentUri>/CanvasApps/aro_mrsdebit_aa132_DocumentUri.msapp</DocumentUri>
      <AdditionalUris>
        <AdditionalUri>/CanvasApps/aro_mrsdebit_aa132_AdditionalUris0_identity.json</AdditionalUri>
      </AdditionalUris>
    </CanvasApp>
  </CanvasApps>
  <connectionreferences>
    <connectionreference connectionreferencelogicalname="aro_sharedcommondataserviceforapps_48483">
      <connectionreferencedisplayname>Microsoft Dataverse MRS-48483</connectionreferencedisplayname>
      <connectorid>/providers/Microsoft.PowerApps/apis/shared_commondataserviceforapps</connectorid>
      <iscustomizable>1</iscustomizable>
      <promptingbehavior>0</promptingbehavior>
      <statecode>0</statecode>
      <statuscode>1</statuscode>
    </connectionreference>
    <connectionreference connectionreferencelogicalname="aro_sharedgooglesheet_2d9b4">
      <connectionreferencedisplayname>Google Sheets MRS-2d9b4</connectionreferencedisplayname>
      <connectorid>/providers/Microsoft.PowerApps/apis/shared_googlesheet</connectorid>
      <iscustomizable>1</iscustomizable>
      <promptingbehavior>0</promptingbehavior>
      <statecode>0</statecode>
      <statuscode>1</statuscode>
    </connectionreference>
    <connectionreference connectionreferencelogicalname="aro_sharedsharepointonline_81fae">
      <connectionreferencedisplayname>SharePoint MRS-81fae</connectionreferencedisplayname>
      <connectorid>/providers/Microsoft.PowerApps/apis/shared_sharepointonline</connectorid>
      <iscustomizable>1</iscustomizable>
      <promptingbehavior>0</promptingbehavior>
      <statecode>0</statecode>
      <statuscode>1</statuscode>
    </connectionreference>
  </connectionreferences>
  <Languages>
    <Language>1033</Language>
  </Languages>
</ImportExportXml>