{
  "properties": {
    "connectionReferences": {
      "shared_sharepointonline": {
        "api": {
          "name": "shared_sharepointonline"
        },
        "connection": {
          "connectionReferenceLogicalName": "aro_sharedsharepointonline_81fae"
        },
        "runtimeSource": "embedded"
      },
      "shared_googlesheet": {
        "api": {
          "name": "shared_googlesheet"
        },
        "connection": {
          "connectionReferenceLogicalName": "aro_sharedgooglesheet_2d9b4"
        },
        "runtimeSource": "embedded"
      }
    },
    "definition": {
      "$schema": "https://schema.management.azure.com/providers/Microsoft.Logic/schemas/2016-06-01/workflowdefinition.json#",
      "contentVersion": "1.0.0.0",
      "parameters": {
        "$authentication": {
          "defaultValue": {},
          "type": "SecureObject"
        },
        "$connections": {
          "defaultValue": {},
          "type": "Object"
        },
        "SharepointSiteMrs (aro_SharepointSiteMrs)": {
          "defaultValue": "https://pandc2com.sharepoint.com/sites/MRS",
          "type": "String",
          "metadata": {
            "schemaName": "aro_SharepointSiteMrs",
            "description": "MRS sharepoint site"
          }
        }
      },
      "triggers": {
        "When_an_item_is_created": {
          "type": "OpenApiConnection",
          "inputs": {
            "parameters": {
              "dataset": "@parameters('SharepointSiteMrs (aro_SharepointSiteMrs)')",
              "table": "1fc29921-ea4d-4430-b7a6-677568684617"
            },
            "host": {
              "apiId": "/providers/Microsoft.PowerApps/apis/shared_sharepointonline",
              "operationId": "GetOnNewItems",
              "connectionName": "shared_sharepointonline"
            }
          },
          "recurrence": {
            "frequency": "Minute",
            "interval": 1
          },
          "splitOn": "@triggerOutputs()?['body/value']"
        }
      },
      "actions": {
        "Create_item": {
          "type": "OpenApiConnection",
          "inputs": {
            "parameters": {
              "dataset": "@parameters('SharepointSiteMrs (aro_SharepointSiteMrs)')",
              "table": "d6b670e4-0354-4000-a5d9-ad835431654d",
              "item/field_1": "@triggerBody()?['ID']",
              "item/field_3": "@triggerBody()?['field_2']",
              "item/field_4": "@triggerBody()?['field_3']",
              "item/field_5": "@triggerBody()?['field_4']",
              "item/field_6": "@triggerBody()?['field_5']",
              "item/field_7": "@triggerBody()?['field_6']",
              "item/field_8": "@triggerBody()?['field_7']",
              "item/field_9": "@triggerBody()?['field_8']",
              "item/field_10": "@triggerBody()?['field_9']",
              "item/field_12": "@triggerBody()?['field_32']",
              "item/field_13": "@triggerBody()?['field_33']",
              "item/field_14": "@triggerBody()?['field_34']",
              "item/field_17": "@triggerBody()?['field_37']",
              "item/field_18": "@triggerBody()?['field_38']",
              "item/field_19": "@triggerBody()?['field_39']",
              "item/field_20": "@triggerBody()?['field_40']",
              "item/field_21": "@triggerBody()?['field_41']",
              "item/field_22": "@triggerBody()?['field_42']",
              "item/field_23": "@triggerBody()?['field_43']",
              "item/field_24": "@triggerBody()?['field_44']",
              "item/field_25": "@triggerBody()?['field_45']",
              "item/field_26": "@triggerBody()?['field_46']",
              "item/field_27": "@triggerBody()?['Created']",
              "item/field_28": "@triggerBody()?['field_47']"
            },
            "host": {
              "apiId": "/providers/Microsoft.PowerApps/apis/shared_sharepointonline",
              "operationId": "PostItem",
              "connectionName": "shared_sharepointonline"
            }
          },
          "runAfter": {}
        },
        "Insert_row": {
          "type": "OpenApiConnection",
          "inputs": {
            "parameters": {
              "dataset": "1I1KTAe3zOhApK2I75r0R0vA9p7O_w1LIr_TzBONVvu4",
              "table": "0",
              "item/id": "@triggerBody()?['ID']",
              "item/WorkDate": "@triggerBody()?['field_2']",
              "item/Supervisor": "@triggerBody()?['field_3']",
              "item/ResourceType": "@triggerBody()?['field_4']",
              "item/WorkerName": "@triggerBody()?['field_5']",
              "item/ResourceQty": "@triggerBody()?['field_6']",
              "item/ReClock": "@triggerBody()?['field_7']",
              "item/ReRate": "@triggerBody()?['field_8']",
              "item/ReAmount": "@triggerBody()?['field_9']",
              "item/ReTotalAmount": "@triggerBody()?['field_32']",
              "item/Olocation": "@triggerBody()?['field_33']",
              "item/Ocomponent": "@triggerBody()?['field_34']",
              "item/Side": "@triggerBody()?['field_37']",
              "item/TypeOfWork": "@triggerBody()?['field_38']",
              "item/Grade": "@triggerBody()?['field_39']",
              "item/ONumber": "@triggerBody()?['field_40']",
              "item/Olength": "@triggerBody()?['field_41']",
              "item/OBreadth": "@triggerBody()?['field_42']",
              "item/ODepth": "@triggerBody()?['field_43']",
              "item/ODia": "@triggerBody()?['field_44']",
              "item/OWeight": "@triggerBody()?['field_45']",
              "item/OQunatity": "@triggerBody()?['field_46']",
              "item/Date": "@triggerBody()?['Created']",
              "item/ODescription": "@triggerBody()?['field_47']"
            },
            "host": {
              "apiId": "/providers/Microsoft.PowerApps/apis/shared_googlesheet",
              "operationId": "PostItem",
              "connectionName": "shared_googlesheet"
            }
          },
          "runAfter": {
            "Create_item": [
              "Succeeded"
            ]
          },
          "metadata": {
            "1I1KTAe3zOhApK2I75r0R0vA9p7O_w1LIr_TzBONVvu4": "/MRS/MRS-CLS-DMR"
          }
        },
        "Create_item_1": {
          "type": "OpenApiConnection",
          "inputs": {
            "parameters": {
              "dataset": "@parameters('SharepointSiteMrs (aro_SharepointSiteMrs)')",
              "table": "d6b670e4-0354-4000-a5d9-ad835431654d",
              "item/field_1": "@triggerBody()?['ID']",
              "item/field_3": "@triggerBody()?['field_2']",
              "item/field_4": "@triggerBody()?['field_3']",
              "item/field_5": "@triggerBody()?['field_11']",
              "item/field_6": "@triggerBody()?['field_12']",
              "item/field_7": "@triggerBody()?['field_13']",
              "item/field_8": "@triggerBody()?['field_14']",
              "item/field_9": "@triggerBody()?['field_15']",
              "item/field_10": "@triggerBody()?['field_16']",
              "item/field_12": "@triggerBody()?['field_32']",
              "item/field_13": "@triggerBody()?['field_48']",
              "item/field_14": "@triggerBody()?['field_49']",
              "item/field_17": "@triggerBody()?['field_52']",
              "item/field_18": "@triggerBody()?['field_53']",
              "item/field_19": "@triggerBody()?['field_54']",
              "item/field_20": "@triggerBody()?['field_55']",
              "item/field_21": "@triggerBody()?['field_56']",
              "item/field_22": "@triggerBody()?['field_57']",
              "item/field_23": "@triggerBody()?['field_58']",
              "item/field_24": "@triggerBody()?['field_59']",
              "item/field_25": "@triggerBody()?['field_60']",
              "item/field_26": "@triggerBody()?['field_61']",
              "item/field_27": "@triggerBody()?['Created']",
              "item/field_28": "@triggerBody()?['field_62']"
            },
            "host": {
              "apiId": "/providers/Microsoft.PowerApps/apis/shared_sharepointonline",
              "operationId": "PostItem",
              "connectionName": "shared_sharepointonline"
            }
          },
          "runAfter": {
            "Delay": [
              "Succeeded"
            ]
          }
        },
        "Delay": {
          "type": "Wait",
          "inputs": {
            "interval": {
              "count": 1,
              "unit": "Minute"
            }
          },
          "runAfter": {}
        },
        "Insert_row_1": {
          "type": "OpenApiConnection",
          "inputs": {
            "parameters": {
              "dataset": "1I1KTAe3zOhApK2I75r0R0vA9p7O_w1LIr_TzBONVvu4",
              "table": "0",
              "item/id": "@triggerBody()?['ID']",
              "item/WorkDate": "@triggerBody()?['field_2']",
              "item/Supervisor": "@triggerBody()?['field_3']",
              "item/ResourceType": "@triggerBody()?['field_11']",
              "item/WorkerName": "@triggerBody()?['field_12']",
              "item/ResourceQty": "@triggerBody()?['field_13']",
              "item/ReClock": "@triggerBody()?['field_14']",
              "item/ReRate": "@triggerBody()?['field_15']",
              "item/ReAmount": "@triggerBody()?['field_16']",
              "item/ReTotalAmount": "@triggerBody()?['field_32']",
              "item/Olocation": "@triggerBody()?['field_48']",
              "item/Ocomponent": "@triggerBody()?['field_49']",
              "item/Side": "@triggerBody()?['field_52']",
              "item/TypeOfWork": "@triggerBody()?['field_53']",
              "item/Grade": "@triggerBody()?['field_54']",
              "item/ONumber": "@triggerBody()?['field_55']",
              "item/Olength": "@triggerBody()?['field_56']",
              "item/OBreadth": "@triggerBody()?['field_57']",
              "item/ODepth": "@triggerBody()?['field_58']",
              "item/ODia": "@triggerBody()?['field_59']",
              "item/OWeight": "@triggerBody()?['field_60']",
              "item/OQunatity": "@triggerBody()?['field_61']",
              "item/Date": "@triggerBody()?['Created']",
              "item/ODescription": "@triggerBody()?['field_62']"
            },
            "host": {
              "apiId": "/providers/Microsoft.PowerApps/apis/shared_googlesheet",
              "operationId": "PostItem",
              "connectionName": "shared_googlesheet"
            }
          },
          "runAfter": {
            "Create_item_1": [
              "Succeeded"
            ]
          },
          "metadata": {
            "1I1KTAe3zOhApK2I75r0R0vA9p7O_w1LIr_TzBONVvu4": "/MRS/MRS-CLS-DMR"
          }
        },
        "Delay_1": {
          "type": "Wait",
          "inputs": {
            "interval": {
              "count": 2,
              "unit": "Minute"
            }
          },
          "runAfter": {}
        },
        "Create_item_2": {
          "type": "OpenApiConnection",
          "inputs": {
            "parameters": {
              "dataset": "@parameters('SharepointSiteMrs (aro_SharepointSiteMrs)')",
              "table": "d6b670e4-0354-4000-a5d9-ad835431654d",
              "item/field_1": "@triggerBody()?['ID']",
              "item/field_3": "@triggerBody()?['field_2']",
              "item/field_4": "@triggerBody()?['field_3']",
              "item/field_5": "@triggerBody()?['field_18']",
              "item/field_6": "@triggerBody()?['field_19']",
              "item/field_7": "@triggerBody()?['field_20']",
              "item/field_8": "@triggerBody()?['field_21']",
              "item/field_9": "@triggerBody()?['field_22']",
              "item/field_10": "@triggerBody()?['field_23']",
              "item/field_12": "@triggerBody()?['field_32']",
              "item/field_13": "@triggerBody()?['field_63']",
              "item/field_14": "@triggerBody()?['field_64']",
              "item/field_17": "@triggerBody()?['field_67']",
              "item/field_18": "@triggerBody()?['field_68']",
              "item/field_19": "@triggerBody()?['field_69']",
              "item/field_20": "@triggerBody()?['field_70']",
              "item/field_21": "@triggerBody()?['field_71']",
              "item/field_22": "@triggerBody()?['field_72']",
              "item/field_23": "@triggerBody()?['field_73']",
              "item/field_24": "@triggerBody()?['field_74']",
              "item/field_25": "@triggerBody()?['field_75']",
              "item/field_26": "@triggerBody()?['field_76']",
              "item/field_27": "@triggerBody()?['Created']",
              "item/field_28": "@triggerBody()?['field_77']"
            },
            "host": {
              "apiId": "/providers/Microsoft.PowerApps/apis/shared_sharepointonline",
              "operationId": "PostItem",
              "connectionName": "shared_sharepointonline"
            }
          },
          "runAfter": {
            "Delay_1": [
              "Succeeded"
            ]
          }
        },
        "Insert_row_2": {
          "type": "OpenApiConnection",
          "inputs": {
            "parameters": {
              "dataset": "1I1KTAe3zOhApK2I75r0R0vA9p7O_w1LIr_TzBONVvu4",
              "table": "0",
              "item/id": "@triggerBody()?['ID']",
              "item/WorkDate": "@triggerBody()?['field_2']",
              "item/Supervisor": "@triggerBody()?['field_3']",
              "item/ResourceType": "@triggerBody()?['field_18']",
              "item/WorkerName": "@triggerBody()?['field_19']",
              "item/ResourceQty": "@triggerBody()?['field_20']",
              "item/ReClock": "@triggerBody()?['field_21']",
              "item/ReRate": "@triggerBody()?['field_22']",
              "item/ReAmount": "@triggerBody()?['field_23']",
              "item/ReTotalAmount": "@triggerBody()?['field_32']",
              "item/Olocation": "@triggerBody()?['field_63']",
              "item/Ocomponent": "@triggerBody()?['field_64']",
              "item/Side": "@triggerBody()?['field_67']",
              "item/TypeOfWork": "@triggerBody()?['field_68']",
              "item/Grade": "@triggerBody()?['field_69']",
              "item/ONumber": "@triggerBody()?['field_70']",
              "item/Olength": "@triggerBody()?['field_71']",
              "item/OBreadth": "@triggerBody()?['field_72']",
              "item/ODepth": "@triggerBody()?['field_73']",
              "item/ODia": "@triggerBody()?['field_74']",
              "item/OWeight": "@triggerBody()?['field_75']",
              "item/OQunatity": "@triggerBody()?['field_76']",
              "item/Date": "@triggerBody()?['Created']",
              "item/ODescription": "@triggerBody()?['field_77']"
            },
            "host": {
              "apiId": "/providers/Microsoft.PowerApps/apis/shared_googlesheet",
              "operationId": "PostItem",
              "connectionName": "shared_googlesheet"
            }
          },
          "runAfter": {
            "Create_item_2": [
              "Succeeded"
            ]
          },
          "metadata": {
            "1I1KTAe3zOhApK2I75r0R0vA9p7O_w1LIr_TzBONVvu4": "/MRS/MRS-CLS-DMR"
          }
        },
        "Delay_2": {
          "type": "Wait",
          "inputs": {
            "interval": {
              "count": 3,
              "unit": "Minute"
            }
          },
          "runAfter": {}
        },
        "Create_item_3": {
          "type": "OpenApiConnection",
          "inputs": {
            "parameters": {
              "dataset": "@parameters('SharepointSiteMrs (aro_SharepointSiteMrs)')",
              "table": "d6b670e4-0354-4000-a5d9-ad835431654d",
              "item/field_1": "@triggerBody()?['ID']",
              "item/field_3": "@triggerBody()?['field_2']",
              "item/field_4": "@triggerBody()?['field_3']",
              "item/field_5": "@triggerBody()?['field_25']",
              "item/field_6": "@triggerBody()?['field_26']",
              "item/field_7": "@triggerBody()?['field_27']",
              "item/field_8": "@triggerBody()?['field_28']",
              "item/field_9": "@triggerBody()?['field_29']",
              "item/field_10": "@triggerBody()?['field_30']",
              "item/field_12": "@triggerBody()?['field_32']",
              "item/field_13": "@triggerBody()?['field_78']",
              "item/field_14": "@triggerBody()?['field_79']",
              "item/field_17": "@triggerBody()?['field_82']",
              "item/field_18": "@triggerBody()?['field_83']",
              "item/field_19": "@triggerBody()?['field_84']",
              "item/field_20": "@triggerBody()?['field_85']",
              "item/field_21": "@triggerBody()?['field_86']",
              "item/field_22": "@triggerBody()?['field_87']",
              "item/field_23": "@triggerBody()?['field_88']",
              "item/field_24": "@triggerBody()?['field_89']",
              "item/field_25": "@triggerBody()?['field_90']",
              "item/field_26": "@triggerBody()?['field_91']",
              "item/field_27": "@triggerBody()?['Created']",
              "item/field_28": "@triggerBody()?['field_92']"
            },
            "host": {
              "apiId": "/providers/Microsoft.PowerApps/apis/shared_sharepointonline",
              "operationId": "PostItem",
              "connectionName": "shared_sharepointonline"
            }
          },
          "runAfter": {
            "Delay_2": [
              "Succeeded"
            ]
          }
        },
        "Insert_row_3": {
          "type": "OpenApiConnection",
          "inputs": {
            "parameters": {
              "dataset": "1I1KTAe3zOhApK2I75r0R0vA9p7O_w1LIr_TzBONVvu4",
              "table": "0",
              "item/id": "@triggerBody()?['ID']",
              "item/WorkDate": "@triggerBody()?['field_2']",
              "item/Supervisor": "@triggerBody()?['field_3']",
              "item/ResourceType": "@triggerBody()?['field_25']",
              "item/WorkerName": "@triggerBody()?['field_26']",
              "item/ResourceQty": "@triggerBody()?['field_27']",
              "item/ReClock": "@triggerBody()?['field_28']",
              "item/ReRate": "@triggerBody()?['field_29']",
              "item/ReAmount": "@triggerBody()?['field_30']",
              "item/ReTotalAmount": "@triggerBody()?['field_32']",
              "item/Olocation": "@triggerBody()?['field_78']",
              "item/Ocomponent": "@triggerBody()?['field_79']",
              "item/Side": "@triggerBody()?['field_82']",
              "item/TypeOfWork": "@triggerBody()?['field_83']",
              "item/Grade": "@triggerBody()?['field_84']",
              "item/ONumber": "@triggerBody()?['field_85']",
              "item/Olength": "@triggerBody()?['field_86']",
              "item/OBreadth": "@triggerBody()?['field_87']",
              "item/ODepth": "@triggerBody()?['field_88']",
              "item/ODia": "@triggerBody()?['field_89']",
              "item/OWeight": "@triggerBody()?['field_90']",
              "item/OQunatity": "@triggerBody()?['field_91']",
              "item/Date": "@triggerBody()?['Created']",
              "item/ODescription": "@triggerBody()?['field_92']"
            },
            "host": {
              "apiId": "/providers/Microsoft.PowerApps/apis/shared_googlesheet",
              "operationId": "PostItem",
              "connectionName": "shared_googlesheet"
            }
          },
          "runAfter": {
            "Create_item_3": [
              "Succeeded"
            ]
          },
          "metadata": {
            "1I1KTAe3zOhApK2I75r0R0vA9p7O_w1LIr_TzBONVvu4": "/MRS/MRS-CLS-DMR"
          }
        }
      },
      "outputs": {}
    },
    "templateName": null
  },
  "schemaVersion": "1.0.0.0"
}